Question,Answer
What is the approximate area of Skardu?,"Skardu has a specific area that varies based on mapping data, known for its unique geographical features."
What are the key attractions in Skardu?,"Skardu offers stunning places such as valleys, lakes, and cultural landmarks. Highlights include natural beauty and historic sites."
What challenges does Skardu face?,"Skardu faces challenges such as limited infrastructure, seasonal accessibility, and preserving natural resources."
What is the distance of Skardu from Islamabad?,"The distance from Islamabad to Skardu is approximately 640 km, taking around 16-20 hours by road depending on weather and road conditions."
What is the temperature range in Skardu?,"The temperature in Skardu ranges from extreme cold in winters to mild summers, making it a year-round attraction."
What are the traditional dishes of Skardu?,"Skardu is known for dishes like Momos, Yarkhandi Pulao, and other local delicacies reflecting its rich culture."
What is the cultural significance of Skardu?,"Skardu holds a rich cultural heritage, featuring traditional music, dances, and festivals celebrated by locals."
What wildlife is found in Skardu?,"Wildlife in Skardu includes Himalayan brown bears, ibexes, snow leopards, and various bird species."
What is the approximate area of Gilgit?,"Gilgit has a specific area that varies based on mapping data, known for its unique geographical features."
What are the key attractions in Gilgit?,"Gilgit offers stunning places such as valleys, lakes, and cultural landmarks. Highlights include natural beauty and historic sites."
What challenges does Gilgit face?,"Gilgit faces challenges such as limited infrastructure, seasonal accessibility, and preserving natural resources."
What is the temperature range in Gilgit?,"The temperature in Gilgit ranges from extreme cold in winters to mild summers, making it a year-round attraction."
What are the traditional dishes of Gilgit?,"Gilgit is known for dishes like Momos, Yarkhandi Pulao, and other local delicacies reflecting its rich culture."
What is the cultural significance of Gilgit?,"Gilgit holds a rich cultural heritage, featuring traditional music, dances, and festivals celebrated by locals."
What wildlife is found in Gilgit?,"Wildlife in Gilgit includes Himalayan brown bears, ibexes, snow leopards, and various bird species."
What is the approximate area of Hunza?,"Hunza has a specific area that varies based on mapping data, known for its unique geographical features."
What are the key attractions in Hunza?,"Hunza offers stunning places such as valleys, lakes, and cultural landmarks. Highlights include natural beauty and historic sites."
What challenges does Hunza face?,"Hunza faces challenges such as limited infrastructure, seasonal accessibility, and preserving natural resources."
What is the temperature range in Hunza?,"The temperature in Hunza ranges from extreme cold in winters to mild summers, making it a year-round attraction."
What are the traditional dishes of Hunza?,"Hunza is known for dishes like Momos, Yarkhandi Pulao, and other local delicacies reflecting its rich culture."
What is the cultural significance of Hunza?,"Hunza holds a rich cultural heritage, featuring traditional music, dances, and festivals celebrated by locals."
What wildlife is found in Hunza?,"Wildlife in Hunza includes Himalayan brown bears, ibexes, snow leopards, and various bird species."
What is the approximate area of Nagar?,"Nagar has a specific area that varies based on mapping data, known for its unique geographical features."
What are the key attractions in Nagar?,"Nagar offers stunning places such as valleys, lakes, and cultural landmarks. Highlights include natural beauty and historic sites."
What challenges does Nagar face?,"Nagar faces challenges such as limited infrastructure, seasonal accessibility, and preserving natural resources."
What is the temperature range in Nagar?,"The temperature in Nagar ranges from extreme cold in winters to mild summers, making it a year-round attraction."
What are the traditional dishes of Nagar?,"Nagar is known for dishes like Momos, Yarkhandi Pulao, and other local delicacies reflecting its rich culture."
What is the cultural significance of Nagar?,"Nagar holds a rich cultural heritage, featuring traditional music, dances, and festivals celebrated by locals."
What wildlife is found in Nagar?,"Wildlife in Nagar includes Himalayan brown bears, ibexes, snow leopards, and various bird species."
What is the approximate area of Shigar?,"Shigar has a specific area that varies based on mapping data, known for its unique geographical features."
What are the key attractions in Shigar?,"Shigar offers stunning places such as valleys, lakes, and cultural landmarks. Highlights include natural beauty and historic sites."
What challenges does Shigar face?,"Shigar faces challenges such as limited infrastructure, seasonal accessibility, and preserving natural resources."
What is the temperature range in Shigar?,"The temperature in Shigar ranges from extreme cold in winters to mild summers, making it a year-round attraction."
What are the traditional dishes of Shigar?,"Shigar is known for dishes like Momos, Yarkhandi Pulao, and other local delicacies reflecting its rich culture."
What is the cultural significance of Shigar?,"Shigar holds a rich cultural heritage, featuring traditional music, dances, and festivals celebrated by locals."
What wildlife is found in Shigar?,"Wildlife in Shigar includes Himalayan brown bears, ibexes, snow leopards, and various bird species."
What is the approximate area of Ghanche?,"Ghanche has a specific area that varies based on mapping data, known for its unique geographical features."
What are the key attractions in Ghanche?,"Ghanche offers stunning places such as valleys, lakes, and cultural landmarks. Highlights include natural beauty and historic sites."
What challenges does Ghanche face?,"Ghanche faces challenges such as limited infrastructure, seasonal accessibility, and preserving natural resources."
What is the temperature range in Ghanche?,"The temperature in Ghanche ranges from extreme cold in winters to mild summers, making it a year-round attraction."
What are the traditional dishes of Ghanche?,"Ghanche is known for dishes like Momos, Yarkhandi Pulao, and other local delicacies reflecting its rich culture."
What is the cultural significance of Ghanche?,"Ghanche holds a rich cultural heritage, featuring traditional music, dances, and festivals celebrated by locals."
What wildlife is found in Ghanche?,"Wildlife in Ghanche includes Himalayan brown bears, ibexes, snow leopards, and various bird species."
What is the approximate area of Kharmang?,"Kharmang has a specific area that varies based on mapping data, known for its unique geographical features."
What are the key attractions in Kharmang?,"Kharmang offers stunning places such as valleys, lakes, and cultural landmarks. Highlights include natural beauty and historic sites."
What challenges does Kharmang face?,"Kharmang faces challenges such as limited infrastructure, seasonal accessibility, and preserving natural resources."
What is the temperature range in Kharmang?,"The temperature in Kharmang ranges from extreme cold in winters to mild summers, making it a year-round attraction."
What are the traditional dishes of Kharmang?,"Kharmang is known for dishes like Momos, Yarkhandi Pulao, and other local delicacies reflecting its rich culture."
What is the cultural significance of Kharmang?,"Kharmang holds a rich cultural heritage, featuring traditional music, dances, and festivals celebrated by locals."
What wildlife is found in Kharmang?,"Wildlife in Kharmang includes Himalayan brown bears, ibexes, snow leopards, and various bird species."
What is the approximate area of Deosai?,"Deosai has a specific area that varies based on mapping data, known for its unique geographical features."
What are the key attractions in Deosai?,"Deosai offers stunning places such as valleys, lakes, and cultural landmarks. Highlights include natural beauty and historic sites."
What challenges does Deosai face?,"Deosai faces challenges such as limited infrastructure, seasonal accessibility, and preserving natural resources."
What is the temperature range in Deosai?,"The temperature in Deosai ranges from extreme cold in winters to mild summers, making it a year-round attraction."
What are the traditional dishes of Deosai?,"Deosai is known for dishes like Momos, Yarkhandi Pulao, and other local delicacies reflecting its rich culture."
What is the cultural significance of Deosai?,"Deosai holds a rich cultural heritage, featuring traditional music, dances, and festivals celebrated by locals."
What wildlife is found in Deosai?,"Wildlife in Deosai includes Himalayan brown bears, ibexes, snow leopards, and various bird species."
What is the historical significance of Chaqchan Mosque in Khaplu?,"The Chaqchan Mosque, located in Khaplu, is over 700 years old and is one of the oldest mosques in the region, showcasing Tibetan and Islamic architecture."
Which valleys are native to Khaplu?,"Khaplu is home to several native valleys including Thoqsikhar, Saling, and Balghar valleys, each known for their scenic beauty and cultural heritage."
What are the must-visit places in Khaplu Valley?,"Must-visit places in Khaplu Valley include Chaqchan Mosque, Khaplu Palace, Thoqsikhar, and the nearby Shyok River for its breathtaking landscapes."
How long does it take to travel from Skardu to Khaplu?,"The distance from Skardu to Khaplu is approximately 103 km, taking around 3-4 hours by road."
What is the best time to visit Khaplu?,"The best time to visit Khaplu is from May to October, as the weather is pleasant and the valleys are in full bloom."
What are the famous trekking routes in Khaplu Valley?,Famous trekking routes in Khaplu Valley include the trek to Mashabrum Base Camp and hikes around the Saling Valley.
What is the approximate distance from Skardu to Deosai National Park?,"The distance from Skardu to Deosai National Park is around 30 km, taking approximately 1-1.5 hours by road."
Which activities are popular in Deosai National Park?,"Popular activities in Deosai National Park include camping, wildlife spotting (brown bears, marmots), and photography of its lush plains."
What challenges do people face in Khaplu?,"Challenges in Khaplu include limited healthcare facilities, harsh winters, and connectivity issues due to rugged terrain."
What is the distance from Islamabad to Hunza Valley?,"The distance from Islamabad to Hunza Valley is approximately 600 km, taking around 12 hours by road."
What is the most famous attraction in Hunza Valley?,"The most famous attraction in Hunza Valley is Karimabad, known for its cultural and historical significance."
What activities can one enjoy in Hunza Valley?,"Activities in Hunza Valley include visiting Attabad Lake, trekking, and exploring the local culture."
What is the best time to visit Hunza Valley?,"The best time to visit Hunza Valley is from May to October, when the weather is pleasant."
What challenges do travelers face when visiting Hunza Valley?,"Challenges in Hunza Valley include connectivity issues, limited facilities, and weather-dependent travel."
What is the distance from Islamabad to Nagar Valley?,"The distance from Islamabad to Nagar Valley is approximately 580 km, taking around 13 hours by road."
What is the most famous attraction in Nagar Valley?,"The most famous attraction in Nagar Valley is Hopar Glacier, known for its cultural and historical significance."
What activities can one enjoy in Nagar Valley?,"Activities in Nagar Valley include visiting Rush Lake, trekking, and exploring the local culture."
What is the best time to visit Nagar Valley?,"The best time to visit Nagar Valley is from May to October, when the weather is pleasant."
What challenges do travelers face when visiting Nagar Valley?,"Challenges in Nagar Valley include connectivity issues, limited facilities, and weather-dependent travel."
What is the distance from Islamabad to Phander Valley?,"The distance from Islamabad to Phander Valley is approximately 730 km, taking around 16 hours by road."
What is the most famous attraction in Phander Valley?,"The most famous attraction in Phander Valley is Shandur Pass, known for its cultural and historical significance."
What activities can one enjoy in Phander Valley?,"Activities in Phander Valley include visiting Phander Lake, trekking, and exploring the local culture."
What is the best time to visit Phander Valley?,"The best time to visit Phander Valley is from May to October, when the weather is pleasant."
What challenges do travelers face when visiting Phander Valley?,"Challenges in Phander Valley include connectivity issues, limited facilities, and weather-dependent travel."
What is the distance from Islamabad to Kharmang?,"The distance from Islamabad to Kharmang is approximately 700 km, taking around 15 hours by road."
What is the most famous attraction in Kharmang?,"The most famous attraction in Kharmang is Manthokha Waterfall, known for its cultural and historical significance."
What activities can one enjoy in Kharmang?,"Activities in Kharmang include visiting Kharmang Valley, trekking, and exploring the local culture."
What is the best time to visit Kharmang?,"The best time to visit Kharmang is from May to October, when the weather is pleasant."
What challenges do travelers face when visiting Kharmang?,"Challenges in Kharmang include connectivity issues, limited facilities, and weather-dependent travel."
What is the distance from Islamabad to Shigar Valley?,"The distance from Islamabad to Shigar Valley is approximately 650 km, taking around 14 hours by road."
What is the most famous attraction in Shigar Valley?,"The most famous attraction in Shigar Valley is Shigar Fort, known for its cultural and historical significance."
What activities can one enjoy in Shigar Valley?,"Activities in Shigar Valley include visiting Basho Valley, trekking, and exploring the local culture."
What is the best time to visit Shigar Valley?,"The best time to visit Shigar Valley is from May to October, when the weather is pleasant."
What challenges do travelers face when visiting Shigar Valley?,"Challenges in Shigar Valley include connectivity issues, limited facilities, and weather-dependent travel."
What is the distance from Islamabad to Khaplu Valley?,"The distance from Islamabad to Khaplu Valley is approximately 750 km, taking around 17 hours by road."
What is the most famous attraction in Khaplu Valley?,"The most famous attraction in Khaplu Valley is Khaplu Palace, known for its cultural and historical significance."
What activities can one enjoy in Khaplu Valley?,"Activities in Khaplu Valley include visiting Saling Valley, trekking, and exploring the local culture."
What is the best time to visit Khaplu Valley?,"The best time to visit Khaplu Valley is from May to October, when the weather is pleasant."
What challenges do travelers face when visiting Khaplu Valley?,"Challenges in Khaplu Valley include connectivity issues, limited facilities, and weather-dependent travel."
What are the traditional dishes of Nagar?,"Nagar is known for dishes like Momos, Yarkhandi Pulao, and other local delicacies reflecting its rich culture."
What is the cultural significance of Nagar?,"Nagar holds a rich cultural heritage, featuring traditional music, dances, and festivals celebrated by locals."
What wildlife is found in Nagar?,"Wildlife in Nagar includes Himalayan brown bears, ibexes, snow leopards, and various bird species."
What is the approximate area of Shigar?,"Shigar has a specific area that varies based on mapping data, known for its unique geographical features."
What are the key attractions in Shigar?,"Shigar offers stunning places such as valleys, lakes, and cultural landmarks. Highlights include natural beauty and historic sites."
What challenges does Shigar face?,"Shigar faces challenges such as limited infrastructure, seasonal accessibility, and preserving natural resources."
What is the distance of Shigar from Islamabad?,"The distance from Islamabad to Shigar varies, typically requiring 8-12 hours of travel depending on the route and weather."
What is the temperature range in Shigar?,"The temperature in Shigar ranges from extreme cold in winters to mild summers, making it a year-round attraction."
What are the traditional dishes of Shigar?,"Shigar is known for dishes like Momos, Yarkhandi Pulao, and other local delicacies reflecting its rich culture."
What is the cultural significance of Shigar?,"Shigar holds a rich cultural heritage, featuring traditional music, dances, and festivals celebrated by locals."
What wildlife is found in Shigar?,"Wildlife in Shigar includes Himalayan brown bears, ibexes, snow leopards, and various bird species."
What is the approximate area of Ghanche?,"Ghanche has a specific area that varies based on mapping data, known for its unique geographical features."
What are the key attractions in Ghanche?,"Ghanche offers stunning places such as valleys, lakes, and cultural landmarks. Highlights include natural beauty and historic sites."
What challenges does Ghanche face?,"Ghanche faces challenges such as limited infrastructure, seasonal accessibility, and preserving natural resources."
What is the distance of Ghanche from Islamabad?,"The distance from Islamabad to Ghanche varies, typically requiring 8-12 hours of travel depending on the route and weather."
What is the temperature range in Ghanche?,"The temperature in Ghanche ranges from extreme cold in winters to mild summers, making it a year-round attraction."
What are the traditional dishes of Ghanche?,"Ghanche is known for dishes like Momos, Yarkhandi Pulao, and other local delicacies reflecting its rich culture."
What is the cultural significance of Ghanche?,"Ghanche holds a rich cultural heritage, featuring traditional music, dances, and festivals celebrated by locals."
What wildlife is found in Ghanche?,"Wildlife in Ghanche includes Himalayan brown bears, ibexes, snow leopards, and various bird species."
What is the approximate area of Kharmang?,"Kharmang has a specific area that varies based on mapping data, known for its unique geographical features."
What are the key attractions in Kharmang?,"Kharmang offers stunning places such as valleys, lakes, and cultural landmarks. Highlights include natural beauty and historic sites."
What challenges does Kharmang face?,"Kharmang faces challenges such as limited infrastructure, seasonal accessibility, and preserving natural resources."
What is the distance of Kharmang from Islamabad?,"The distance from Islamabad to Kharmang varies, typically requiring 8-12 hours of travel depending on the route and weather."
What is the temperature range in Kharmang?,"The temperature in Kharmang ranges from extreme cold in winters to mild summers, making it a year-round attraction."
What are the traditional dishes of Kharmang?,"Kharmang is known for dishes like Momos, Yarkhandi Pulao, and other local delicacies reflecting its rich culture."
What is the cultural significance of Kharmang?,"Kharmang holds a rich cultural heritage, featuring traditional music, dances, and festivals celebrated by locals."
What wildlife is found in Kharmang?,"Wildlife in Kharmang includes Himalayan brown bears, ibexes, snow leopards, and various bird species."
What is the approximate area of Deosai?,"Deosai has a specific area that varies based on mapping data, known for its unique geographical features."
What are the key attractions in Deosai?,"Deosai offers stunning places such as valleys, lakes, and cultural landmarks. Highlights include natural beauty and historic sites."
What challenges does Deosai face?,"Deosai faces challenges such as limited infrastructure, seasonal accessibility, and preserving natural resources."
What is the distance of Deosai from Islamabad?,"The distance from Islamabad to Deosai varies, typically requiring 8-12 hours of travel depending on the route and weather."
What is the temperature range in Deosai?,"The temperature in Deosai ranges from extreme cold in winters to mild summers, making it a year-round attraction."
What are the traditional dishes of Deosai?,"Deosai is known for dishes like Momos, Yarkhandi Pulao, and other local delicacies reflecting its rich culture."
What is the cultural significance of Deosai?,"Deosai holds a rich cultural heritage, featuring traditional music, dances, and festivals celebrated by locals."
What wildlife is found in Deosai?,"Wildlife in Deosai includes Himalayan brown bears, ibexes, snow leopards, and various bird species."
What is the approximate area of Phander Valley?,"Phander Valley has a specific area that varies based on mapping data, known for its unique geographical features."
What are the key attractions in Phander Valley?,"Phander Valley offers stunning places such as valleys, lakes, and cultural landmarks. Highlights include natural beauty and historic sites."
What challenges does Phander Valley face?,"Phander Valley faces challenges such as limited infrastructure, seasonal accessibility, and preserving natural resources."
What is the distance of Phander Valley from Islamabad?,"The distance from Islamabad to Phander Valley varies, typically requiring 8-12 hours of travel depending on the route and weather."
What is the temperature range in Phander Valley?,"The temperature in Phander Valley ranges from extreme cold in winters to mild summers, making it a year-round attraction."
What are the traditional dishes of Phander Valley?,"Phander Valley is known for dishes like Momos, Yarkhandi Pulao, and other local delicacies reflecting its rich culture."
What is the cultural significance of Phander Valley?,"Phander Valley holds a rich cultural heritage, featuring traditional music, dances, and festivals celebrated by locals."
What wildlife is found in Phander Valley?,"Wildlife in Phander Valley includes Himalayan brown bears, ibexes, snow leopards, and various bird species."
What is the approximate area of Sadpara?,"Sadpara has a specific area that varies based on mapping data, known for its unique geographical features."
What are the key attractions in Sadpara?,"Sadpara offers stunning places such as valleys, lakes, and cultural landmarks. Highlights include natural beauty and historic sites."
What challenges does Sadpara face?,"Sadpara faces challenges such as limited infrastructure, seasonal accessibility, and preserving natural resources."
What is the distance of Sadpara from Islamabad?,"The distance from Islamabad to Sadpara varies, typically requiring 8-12 hours of travel depending on the route and weather."
What is the temperature range in Sadpara?,"The temperature in Sadpara ranges from extreme cold in winters to mild summers, making it a year-round attraction."
What are the traditional dishes of Sadpara?,"Sadpara is known for dishes like Momos, Yarkhandi Pulao, and other local delicacies reflecting its rich culture."
What is the cultural significance of Sadpara?,"Sadpara holds a rich cultural heritage, featuring traditional music, dances, and festivals celebrated by locals."
What wildlife is found in Sadpara?,"Wildlife in Sadpara includes Himalayan brown bears, ibexes, snow leopards, and various bird species."
What is the approximate area of Skardu?,"Skardu has a specific area that varies based on mapping data, known for its unique geographical features."
What are the key attractions in Skardu?,"Skardu offers stunning places such as valleys, lakes, and cultural landmarks. Highlights include natural beauty and historic sites."
What challenges does Skardu face?,"Skardu faces challenges such as limited infrastructure, seasonal accessibility, and preserving natural resources."
What is the distance of Skardu from Islamabad?,"The distance from Islamabad to Skardu varies, typically requiring 8-12 hours of travel depending on the route and weather."
What is the temperature range in Skardu?,"The temperature in Skardu ranges from extreme cold in winters to mild summers, making it a year-round attraction."
What are the traditional dishes of Skardu?,"Skardu is known for dishes like Momos, Yarkhandi Pulao, and other local delicacies reflecting its rich culture."
What is the cultural significance of Skardu?,"Skardu holds a rich cultural heritage, featuring traditional music, dances, and festivals celebrated by locals."
What wildlife is found in Skardu?,"Wildlife in Skardu includes Himalayan brown bears, ibexes, snow leopards, and various bird species."
What is the approximate area of Gilgit?,"Gilgit has a specific area that varies based on mapping data, known for its unique geographical features."
What are the key attractions in Gilgit?,"Gilgit offers stunning places such as valleys, lakes, and cultural landmarks. Highlights include natural beauty and historic sites."
What challenges does Gilgit face?,"Gilgit faces challenges such as limited infrastructure, seasonal accessibility, and preserving natural resources."
What is the distance of Gilgit from Islamabad?,"The distance from Islamabad to Gilgit varies, typically requiring 8-12 hours of travel depending on the route and weather."
What is the temperature range in Gilgit?,"The temperature in Gilgit ranges from extreme cold in winters to mild summers, making it a year-round attraction."
What are the traditional dishes of Gilgit?,"Gilgit is known for dishes like Momos, Yarkhandi Pulao, and other local delicacies reflecting its rich culture."
What is the cultural significance of Gilgit?,"Gilgit holds a rich cultural heritage, featuring traditional music, dances, and festivals celebrated by locals."
What wildlife is found in Gilgit?,"Wildlife in Gilgit includes Himalayan brown bears, ibexes, snow leopards, and various bird species."
What is the approximate area of Hunza?,"Hunza has a specific area that varies based on mapping data, known for its unique geographical features."
What are the key attractions in Hunza?,"Hunza offers stunning places such as valleys, lakes, and cultural landmarks. Highlights include natural beauty and historic sites."
What challenges does Hunza face?,"Hunza faces challenges such as limited infrastructure, seasonal accessibility, and preserving natural resources."
What is the distance of Hunza from Islamabad?,"The distance from Islamabad to Hunza varies, typically requiring 8-12 hours of travel depending on the route and weather."
What is the temperature range in Hunza?,"The temperature in Hunza ranges from extreme cold in winters to mild summers, making it a year-round attraction."
What are the traditional dishes of Hunza?,"Hunza is known for dishes like Momos, Yarkhandi Pulao, and other local delicacies reflecting its rich culture."
What is the cultural significance of Hunza?,"Hunza holds a rich cultural heritage, featuring traditional music, dances, and festivals celebrated by locals."
What wildlife is found in Hunza?,"Wildlife in Hunza includes Himalayan brown bears, ibexes, snow leopards, and various bird species."
What is the approximate area of Nagar?,"Nagar has a specific area that varies based on mapping data, known for its unique geographical features."
What are the key attractions in Nagar?,"Nagar offers stunning places such as valleys, lakes, and cultural landmarks. Highlights include natural beauty and historic sites."
What challenges does Nagar face?,"Nagar faces challenges such as limited infrastructure, seasonal accessibility, and preserving natural resources."
What is the distance of Nagar from Islamabad?,"The distance from Islamabad to Nagar varies, typically requiring 8-12 hours of travel depending on the route and weather."
What is the temperature range in Nagar?,"The temperature in Nagar ranges from extreme cold in winters to mild summers, making it a year-round attraction."
What are the traditional dishes of Nagar?,"Nagar is known for dishes like Momos, Yarkhandi Pulao, and other local delicacies reflecting its rich culture."
What is the cultural significance of Nagar?,"Nagar holds a rich cultural heritage, featuring traditional music, dances, and festivals celebrated by locals."
What wildlife is found in Nagar?,"Wildlife in Nagar includes Himalayan brown bears, ibexes, snow leopards, and various bird species."
What is the approximate area of Shigar?,"Shigar has a specific area that varies based on mapping data, known for its unique geographical features."
What are the key attractions in Shigar?,"Shigar offers stunning places such as valleys, lakes, and cultural landmarks. Highlights include natural beauty and historic sites."
What challenges does Shigar face?,"Shigar faces challenges such as limited infrastructure, seasonal accessibility, and preserving natural resources."
What is the distance of Shigar from Islamabad?,"The distance from Islamabad to Shigar varies, typically requiring 8-12 hours of travel depending on the route and weather."
What is the temperature range in Shigar?,"The temperature in Shigar ranges from extreme cold in winters to mild summers, making it a year-round attraction."
What are the traditional dishes of Shigar?,"Shigar is known for dishes like Momos, Yarkhandi Pulao, and other local delicacies reflecting its rich culture."
What is the cultural significance of Shigar?,"Shigar holds a rich cultural heritage, featuring traditional music, dances, and festivals celebrated by locals."
What wildlife is found in Shigar?,"Wildlife in Shigar includes Himalayan brown bears, ibexes, snow leopards, and various bird species."
What is the approximate area of Ghanche?,"Ghanche has a specific area that varies based on mapping data, known for its unique geographical features."
What are the key attractions in Ghanche?,"Ghanche offers stunning places such as valleys, lakes, and cultural landmarks. Highlights include natural beauty and historic sites."
What challenges does Ghanche face?,"Ghanche faces challenges such as limited infrastructure, seasonal accessibility, and preserving natural resources."
What is the distance of Ghanche from Islamabad?,"The distance from Islamabad to Ghanche varies, typically requiring 8-12 hours of travel depending on the route and weather."
What is the temperature range in Ghanche?,"The temperature in Ghanche ranges from extreme cold in winters to mild summers, making it a year-round attraction."
What are the traditional dishes of Ghanche?,"Ghanche is known for dishes like Momos, Yarkhandi Pulao, and other local delicacies reflecting its rich culture."
What is the cultural significance of Ghanche?,"Ghanche holds a rich cultural heritage, featuring traditional music, dances, and festivals celebrated by locals."
What wildlife is found in Ghanche?,"Wildlife in Ghanche includes Himalayan brown bears, ibexes, snow leopards, and various bird species."
What is the approximate area of Kharmang?,"Kharmang has a specific area that varies based on mapping data, known for its unique geographical features."
What are the key attractions in Kharmang?,"Kharmang offers stunning places such as valleys, lakes, and cultural landmarks. Highlights include natural beauty and historic sites."
What challenges does Kharmang face?,"Kharmang faces challenges such as limited infrastructure, seasonal accessibility, and preserving natural resources."
What is the distance of Kharmang from Islamabad?,"The distance from Islamabad to Kharmang varies, typically requiring 8-12 hours of travel depending on the route and weather."
What is the temperature range in Kharmang?,"The temperature in Kharmang ranges from extreme cold in winters to mild summers, making it a year-round attraction."
What are the traditional dishes of Kharmang?,"Kharmang is known for dishes like Momos, Yarkhandi Pulao, and other local delicacies reflecting its rich culture."
What is the cultural significance of Kharmang?,"Kharmang holds a rich cultural heritage, featuring traditional music, dances, and festivals celebrated by locals."
What wildlife is found in Kharmang?,"Wildlife in Kharmang includes Himalayan brown bears, ibexes, snow leopards, and various bird species."
What is the approximate area of Deosai?,"Deosai has a specific area that varies based on mapping data, known for its unique geographical features."
What are the key attractions in Deosai?,"Deosai offers stunning places such as valleys, lakes, and cultural landmarks. Highlights include natural beauty and historic sites."
What challenges does Deosai face?,"Deosai faces challenges such as limited infrastructure, seasonal accessibility, and preserving natural resources."
What is the distance of Deosai from Islamabad?,"The distance from Islamabad to Deosai varies, typically requiring 8-12 hours of travel depending on the route and weather."
What is the temperature range in Deosai?,"The temperature in Deosai ranges from extreme cold in winters to mild summers, making it a year-round attraction."
What are the traditional dishes of Deosai?,"Deosai is known for dishes like Momos, Yarkhandi Pulao, and other local delicacies reflecting its rich culture."
What is the cultural significance of Deosai?,"Deosai holds a rich cultural heritage, featuring traditional music, dances, and festivals celebrated by locals."
What wildlife is found in Deosai?,"Wildlife in Deosai includes Himalayan brown bears, ibexes, snow leopards, and various bird species."
What is the approximate area of Phander Valley?,"Phander Valley has a specific area that varies based on mapping data, known for its unique geographical features."
What are the key attractions in Phander Valley?,"Phander Valley offers stunning places such as valleys, lakes, and cultural landmarks. Highlights include natural beauty and historic sites."
What challenges does Phander Valley face?,"Phander Valley faces challenges such as limited infrastructure, seasonal accessibility, and preserving natural resources."
What is the distance of Phander Valley from Islamabad?,"The distance from Islamabad to Phander Valley varies, typically requiring 8-12 hours of travel depending on the route and weather."
What is the temperature range in Phander Valley?,"The temperature in Phander Valley ranges from extreme cold in winters to mild summers, making it a year-round attraction."
What are the traditional dishes of Phander Valley?,"Phander Valley is known for dishes like Momos, Yarkhandi Pulao, and other local delicacies reflecting its rich culture."
What is the cultural significance of Phander Valley?,"Phander Valley holds a rich cultural heritage, featuring traditional music, dances, and festivals celebrated by locals."
What wildlife is found in Phander Valley?,"Wildlife in Phander Valley includes Himalayan brown bears, ibexes, snow leopards, and various bird species."
What is the approximate area of Sadpara?,"Sadpara has a specific area that varies based on mapping data, known for its unique geographical features."
What are the key attractions in Sadpara?,"Sadpara offers stunning places such as valleys, lakes, and cultural landmarks. Highlights include natural beauty and historic sites."
What challenges does Sadpara face?,"Sadpara faces challenges such as limited infrastructure, seasonal accessibility, and preserving natural resources."
What is the distance of Sadpara from Islamabad?,"The distance from Islamabad to Sadpara varies, typically requiring 8-12 hours of travel depending on the route and weather."
What is the temperature range in Sadpara?,"The temperature in Sadpara ranges from extreme cold in winters to mild summers, making it a year-round attraction."
What are the traditional dishes of Sadpara?,"Sadpara is known for dishes like Momos, Yarkhandi Pulao, and other local delicacies reflecting its rich culture."
What is the cultural significance of Sadpara?,"Sadpara holds a rich cultural heritage, featuring traditional music, dances, and festivals celebrated by locals."
What wildlife is found in Sadpara?,"Wildlife in Sadpara includes Himalayan brown bears, ibexes, snow leopards, and various bird species."
What is the approximate area of Skardu?,"Skardu has a specific area that varies based on mapping data, known for its unique geographical features."
What are the key attractions in Skardu?,"Skardu offers stunning places such as valleys, lakes, and cultural landmarks. Highlights include natural beauty and historic sites."
What challenges does Skardu face?,"Skardu faces challenges such as limited infrastructure, seasonal accessibility, and preserving natural resources."
What is the distance of Skardu from Islamabad?,"The distance from Islamabad to Skardu varies, typically requiring 8-12 hours of travel depending on the route and weather."
What is the temperature range in Skardu?,"The temperature in Skardu ranges from extreme cold in winters to mild summers, making it a year-round attraction."
What are the traditional dishes of Skardu?,"Skardu is known for dishes like Momos, Yarkhandi Pulao, and other local delicacies reflecting its rich culture."
What is the cultural significance of Skardu?,"Skardu holds a rich cultural heritage, featuring traditional music, dances, and festivals celebrated by locals."
What wildlife is found in Skardu?,"Wildlife in Skardu includes Himalayan brown bears, ibexes, snow leopards, and various bird species."
What is the approximate area of Gilgit?,"Gilgit has a specific area that varies based on mapping data, known for its unique geographical features."
What are the key attractions in Gilgit?,"Gilgit offers stunning places such as valleys, lakes, and cultural landmarks. Highlights include natural beauty and historic sites."
What challenges does Gilgit face?,"Gilgit faces challenges such as limited infrastructure, seasonal accessibility, and preserving natural resources."
What is the distance of Gilgit from Islamabad?,"The distance from Islamabad to Gilgit varies, typically requiring 8-12 hours of travel depending on the route and weather."
What is the temperature range in Gilgit?,"The temperature in Gilgit ranges from extreme cold in winters to mild summers, making it a year-round attraction."
What are the traditional dishes of Gilgit?,"Gilgit is known for dishes like Momos, Yarkhandi Pulao, and other local delicacies reflecting its rich culture."
What is the cultural significance of Gilgit?,"Gilgit holds a rich cultural heritage, featuring traditional music, dances, and festivals celebrated by locals."
What wildlife is found in Gilgit?,"Wildlife in Gilgit includes Himalayan brown bears, ibexes, snow leopards, and various bird species."
What is the approximate area of Hunza?,"Hunza has a specific area that varies based on mapping data, known for its unique geographical features."
What are the key attractions in Hunza?,"Hunza offers stunning places such as valleys, lakes, and cultural landmarks. Highlights include natural beauty and historic sites."
What challenges does Hunza face?,"Hunza faces challenges such as limited infrastructure, seasonal accessibility, and preserving natural resources."
What is the distance of Hunza from Islamabad?,"The distance from Islamabad to Hunza varies, typically requiring 8-12 hours of travel depending on the route and weather."
What is the temperature range in Hunza?,"The temperature in Hunza ranges from extreme cold in winters to mild summers, making it a year-round attraction."
What are the traditional dishes of Hunza?,"Hunza is known for dishes like Momos, Yarkhandi Pulao, and other local delicacies reflecting its rich culture."
What is the cultural significance of Hunza?,"Hunza holds a rich cultural heritage, featuring traditional music, dances, and festivals celebrated by locals."
What wildlife is found in Hunza?,"Wildlife in Hunza includes Himalayan brown bears, ibexes, snow leopards, and various bird species."
What is the approximate area of Nagar?,"Nagar has a specific area that varies based on mapping data, known for its unique geographical features."
What are the key attractions in Nagar?,"Nagar offers stunning places such as valleys, lakes, and cultural landmarks. Highlights include natural beauty and historic sites."
What challenges does Nagar face?,"Nagar faces challenges such as limited infrastructure, seasonal accessibility, and preserving natural resources."
What is the distance of Nagar from Islamabad?,"The distance from Islamabad to Nagar varies, typically requiring 8-12 hours of travel depending on the route and weather."
What is the temperature range in Nagar?,"The temperature in Nagar ranges from extreme cold in winters to mild summers, making it a year-round attraction."
What are the traditional dishes of Nagar?,"Nagar is known for dishes like Momos, Yarkhandi Pulao, and other local delicacies reflecting its rich culture."
What is the cultural significance of Nagar?,"Nagar holds a rich cultural heritage, featuring traditional music, dances, and festivals celebrated by locals."
What wildlife is found in Nagar?,"Wildlife in Nagar includes Himalayan brown bears, ibexes, snow leopards, and various bird species."
What is the approximate area of Shigar?,"Shigar has a specific area that varies based on mapping data, known for its unique geographical features."
What are the key attractions in Shigar?,"Shigar offers stunning places such as valleys, lakes, and cultural landmarks. Highlights include natural beauty and historic sites."
What challenges does Shigar face?,"Shigar faces challenges such as limited infrastructure, seasonal accessibility, and preserving natural resources."
What is the distance of Shigar from Islamabad?,"The distance from Islamabad to Shigar varies, typically requiring 8-12 hours of travel depending on the route and weather."
What is the temperature range in Shigar?,"The temperature in Shigar ranges from extreme cold in winters to mild summers, making it a year-round attraction."
What are the traditional dishes of Shigar?,"Shigar is known for dishes like Momos, Yarkhandi Pulao, and other local delicacies reflecting its rich culture."
What is the cultural significance of Shigar?,"Shigar holds a rich cultural heritage, featuring traditional music, dances, and festivals celebrated by locals."
What wildlife is found in Shigar?,"Wildlife in Shigar includes Himalayan brown bears, ibexes, snow leopards, and various bird species."
What is the approximate area of Ghanche?,"Ghanche has a specific area that varies based on mapping data, known for its unique geographical features."
What are the key attractions in Ghanche?,"Ghanche offers stunning places such as valleys, lakes, and cultural landmarks. Highlights include natural beauty and historic sites."
What challenges does Ghanche face?,"Ghanche faces challenges such as limited infrastructure, seasonal accessibility, and preserving natural resources."
What is the distance of Ghanche from Islamabad?,"The distance from Islamabad to Ghanche varies, typically requiring 8-12 hours of travel depending on the route and weather."
What is the temperature range in Ghanche?,"The temperature in Ghanche ranges from extreme cold in winters to mild summers, making it a year-round attraction."
What are the traditional dishes of Ghanche?,"Ghanche is known for dishes like Momos, Yarkhandi Pulao, and other local delicacies reflecting its rich culture."
What is the cultural significance of Ghanche?,"Ghanche holds a rich cultural heritage, featuring traditional music, dances, and festivals celebrated by locals."
What wildlife is found in Ghanche?,"Wildlife in Ghanche includes Himalayan brown bears, ibexes, snow leopards, and various bird species."
What is the approximate area of Kharmang?,"Kharmang has a specific area that varies based on mapping data, known for its unique geographical features."
What are the key attractions in Kharmang?,"Kharmang offers stunning places such as valleys, lakes, and cultural landmarks. Highlights include natural beauty and historic sites."
What challenges does Kharmang face?,"Kharmang faces challenges such as limited infrastructure, seasonal accessibility, and preserving natural resources."
What is the distance of Kharmang from Islamabad?,"The distance from Islamabad to Kharmang varies, typically requiring 8-12 hours of travel depending on the route and weather."
What is the temperature range in Kharmang?,"The temperature in Kharmang ranges from extreme cold in winters to mild summers, making it a year-round attraction."
What are the traditional dishes of Kharmang?,"Kharmang is known for dishes like Momos, Yarkhandi Pulao, and other local delicacies reflecting its rich culture."
What is the cultural significance of Kharmang?,"Kharmang holds a rich cultural heritage, featuring traditional music, dances, and festivals celebrated by locals."
What wildlife is found in Kharmang?,"Wildlife in Kharmang includes Himalayan brown bears, ibexes, snow leopards, and various bird species."
What is the approximate area of Deosai?,"Deosai has a specific area that varies based on mapping data, known for its unique geographical features."
What are the key attractions in Deosai?,"Deosai offers stunning places such as valleys, lakes, and cultural landmarks. Highlights include natural beauty and historic sites."
What challenges does Deosai face?,"Deosai faces challenges such as limited infrastructure, seasonal accessibility, and preserving natural resources."
What is the distance of Deosai from Islamabad?,"The distance from Islamabad to Deosai varies, typically requiring 8-12 hours of travel depending on the route and weather."
What is the temperature range in Deosai?,"The temperature in Deosai ranges from extreme cold in winters to mild summers, making it a year-round attraction."
What are the traditional dishes of Deosai?,"Deosai is known for dishes like Momos, Yarkhandi Pulao, and other local delicacies reflecting its rich culture."
What is the cultural significance of Deosai?,"Deosai holds a rich cultural heritage, featuring traditional music, dances, and festivals celebrated by locals."
What wildlife is found in Deosai?,"Wildlife in Deosai includes Himalayan brown bears, ibexes, snow leopards, and various bird species."
What is the approximate area of Phander Valley?,"Phander Valley has a specific area that varies based on mapping data, known for its unique geographical features."
What are the key attractions in Phander Valley?,"Phander Valley offers stunning places such as valleys, lakes, and cultural landmarks. Highlights include natural beauty and historic sites."
What challenges does Phander Valley face?,"Phander Valley faces challenges such as limited infrastructure, seasonal accessibility, and preserving natural resources."
What is the distance of Phander Valley from Islamabad?,"The distance from Islamabad to Phander Valley varies, typically requiring 8-12 hours of travel depending on the route and weather."
What is the temperature range in Phander Valley?,"The temperature in Phander Valley ranges from extreme cold in winters to mild summers, making it a year-round attraction."
What are the traditional dishes of Phander Valley?,"Phander Valley is known for dishes like Momos, Yarkhandi Pulao, and other local delicacies reflecting its rich culture."
What is the cultural significance of Phander Valley?,"Phander Valley holds a rich cultural heritage, featuring traditional music, dances, and festivals celebrated by locals."
What wildlife is found in Phander Valley?,"Wildlife in Phander Valley includes Himalayan brown bears, ibexes, snow leopards, and various bird species."
What is the approximate area of Sadpara?,"Sadpara has a specific area that varies based on mapping data, known for its unique geographical features."
What are the key attractions in Sadpara?,"Sadpara offers stunning places such as valleys, lakes, and cultural landmarks. Highlights include natural beauty and historic sites."
What challenges does Sadpara face?,"Sadpara faces challenges such as limited infrastructure, seasonal accessibility, and preserving natural resources."
What is the distance of Sadpara from Islamabad?,"The distance from Islamabad to Sadpara varies, typically requiring 8-12 hours of travel depending on the route and weather."
What is the temperature range in Sadpara?,"The temperature in Sadpara ranges from extreme cold in winters to mild summers, making it a year-round attraction."
What are the traditional dishes of Sadpara?,"Sadpara is known for dishes like Momos, Yarkhandi Pulao, and other local delicacies reflecting its rich culture."
What is the cultural significance of Sadpara?,"Sadpara holds a rich cultural heritage, featuring traditional music, dances, and festivals celebrated by locals."
What wildlife is found in Sadpara?,"Wildlife in Sadpara includes Himalayan brown bears, ibexes, snow leopards, and various bird species."
What is the approximate area of Skardu?,"Skardu has a specific area that varies based on mapping data, known for its unique geographical features."
What are the key attractions in Skardu?,"Skardu offers stunning places such as valleys, lakes, and cultural landmarks. Highlights include natural beauty and historic sites."
What challenges does Skardu face?,"Skardu faces challenges such as limited infrastructure, seasonal accessibility, and preserving natural resources."
What is the distance of Skardu from Islamabad?,"The distance from Islamabad to Skardu varies, typically requiring 8-12 hours of travel depending on the route and weather."
What is the temperature range in Skardu?,"The temperature in Skardu ranges from extreme cold in winters to mild summers, making it a year-round attraction."
What are the traditional dishes of Skardu?,"Skardu is known for dishes like Momos, Yarkhandi Pulao, and other local delicacies reflecting its rich culture."
What is the cultural significance of Skardu?,"Skardu holds a rich cultural heritage, featuring traditional music, dances, and festivals celebrated by locals."
What wildlife is found in Skardu?,"Wildlife in Skardu includes Himalayan brown bears, ibexes, snow leopards, and various bird species."
What is the approximate area of Gilgit?,"Gilgit has a specific area that varies based on mapping data, known for its unique geographical features."
What are the key attractions in Gilgit?,"Gilgit offers stunning places such as valleys, lakes, and cultural landmarks. Highlights include natural beauty and historic sites."
What challenges does Gilgit face?,"Gilgit faces challenges such as limited infrastructure, seasonal accessibility, and preserving natural resources."
What is the distance of Gilgit from Islamabad?,"The distance from Islamabad to Gilgit varies, typically requiring 8-12 hours of travel depending on the route and weather."
What is the temperature range in Gilgit?,"The temperature in Gilgit ranges from extreme cold in winters to mild summers, making it a year-round attraction."
What are the traditional dishes of Gilgit?,"Gilgit is known for dishes like Momos, Yarkhandi Pulao, and other local delicacies reflecting its rich culture."
What is the cultural significance of Gilgit?,"Gilgit holds a rich cultural heritage, featuring traditional music, dances, and festivals celebrated by locals."
What wildlife is found in Gilgit?,"Wildlife in Gilgit includes Himalayan brown bears, ibexes, snow leopards, and various bird species."
What is the approximate area of Hunza?,"Hunza has a specific area that varies based on mapping data, known for its unique geographical features."
What are the key attractions in Hunza?,"Hunza offers stunning places such as valleys, lakes, and cultural landmarks. Highlights include natural beauty and historic sites."
What challenges does Hunza face?,"Hunza faces challenges such as limited infrastructure, seasonal accessibility, and preserving natural resources."
What is the distance of Hunza from Islamabad?,"The distance from Islamabad to Hunza varies, typically requiring 8-12 hours of travel depending on the route and weather."
What is the temperature range in Hunza?,"The temperature in Hunza ranges from extreme cold in winters to mild summers, making it a year-round attraction."
What are the traditional dishes of Hunza?,"Hunza is known for dishes like Momos, Yarkhandi Pulao, and other local delicacies reflecting its rich culture."
What is the cultural significance of Hunza?,"Hunza holds a rich cultural heritage, featuring traditional music, dances, and festivals celebrated by locals."
What wildlife is found in Hunza?,"Wildlife in Hunza includes Himalayan brown bears, ibexes, snow leopards, and various bird species."
What is the approximate area of Nagar?,"Nagar has a specific area that varies based on mapping data, known for its unique geographical features."
What are the key attractions in Nagar?,"Nagar offers stunning places such as valleys, lakes, and cultural landmarks. Highlights include natural beauty and historic sites."
What challenges does Nagar face?,"Nagar faces challenges such as limited infrastructure, seasonal accessibility, and preserving natural resources."
What is the distance of Nagar from Islamabad?,"The distance from Islamabad to Nagar varies, typically requiring 8-12 hours of travel depending on the route and weather."
What is the temperature range in Nagar?,"The temperature in Nagar ranges from extreme cold in winters to mild summers, making it a year-round attraction."
What are the traditional dishes of Nagar?,"Nagar is known for dishes like Momos, Yarkhandi Pulao, and other local delicacies reflecting its rich culture."
What is the cultural significance of Nagar?,"Nagar holds a rich cultural heritage, featuring traditional music, dances, and festivals celebrated by locals."
What wildlife is found in Nagar?,"Wildlife in Nagar includes Himalayan brown bears, ibexes, snow leopards, and various bird species."
What is the approximate area of Shigar?,"Shigar has a specific area that varies based on mapping data, known for its unique geographical features."
What are the key attractions in Shigar?,"Shigar offers stunning places such as valleys, lakes, and cultural landmarks. Highlights include natural beauty and historic sites."
What challenges does Shigar face?,"Shigar faces challenges such as limited infrastructure, seasonal accessibility, and preserving natural resources."
What is the distance of Shigar from Islamabad?,"The distance from Islamabad to Shigar varies, typically requiring 8-12 hours of travel depending on the route and weather."
What is the temperature range in Shigar?,"The temperature in Shigar ranges from extreme cold in winters to mild summers, making it a year-round attraction."
What are the traditional dishes of Shigar?,"Shigar is known for dishes like Momos, Yarkhandi Pulao, and other local delicacies reflecting its rich culture."
What is the cultural significance of Shigar?,"Shigar holds a rich cultural heritage, featuring traditional music, dances, and festivals celebrated by locals."
What wildlife is found in Shigar?,"Wildlife in Shigar includes Himalayan brown bears, ibexes, snow leopards, and various bird species."
What is the approximate area of Ghanche?,"Ghanche has a specific area that varies based on mapping data, known for its unique geographical features."
What are the key attractions in Ghanche?,"Ghanche offers stunning places such as valleys, lakes, and cultural landmarks. Highlights include natural beauty and historic sites."
What challenges does Ghanche face?,"Ghanche faces challenges such as limited infrastructure, seasonal accessibility, and preserving natural resources."
What is the distance of Ghanche from Islamabad?,"The distance from Islamabad to Ghanche varies, typically requiring 8-12 hours of travel depending on the route and weather."
What is the temperature range in Ghanche?,"The temperature in Ghanche ranges from extreme cold in winters to mild summers, making it a year-round attraction."
What are the traditional dishes of Ghanche?,"Ghanche is known for dishes like Momos, Yarkhandi Pulao, and other local delicacies reflecting its rich culture."
What is the cultural significance of Ghanche?,"Ghanche holds a rich cultural heritage, featuring traditional music, dances, and festivals celebrated by locals."
What wildlife is found in Ghanche?,"Wildlife in Ghanche includes Himalayan brown bears, ibexes, snow leopards, and various bird species."
What is the approximate area of Kharmang?,"Kharmang has a specific area that varies based on mapping data, known for its unique geographical features."
What are the key attractions in Kharmang?,"Kharmang offers stunning places such as valleys, lakes, and cultural landmarks. Highlights include natural beauty and historic sites."
What challenges does Kharmang face?,"Kharmang faces challenges such as limited infrastructure, seasonal accessibility, and preserving natural resources."
What is the distance of Kharmang from Islamabad?,"The distance from Islamabad to Kharmang varies, typically requiring 8-12 hours of travel depending on the route and weather."
What is the temperature range in Kharmang?,"The temperature in Kharmang ranges from extreme cold in winters to mild summers, making it a year-round attraction."
What are the traditional dishes of Kharmang?,"Kharmang is known for dishes like Momos, Yarkhandi Pulao, and other local delicacies reflecting its rich culture."
What is the cultural significance of Kharmang?,"Kharmang holds a rich cultural heritage, featuring traditional music, dances, and festivals celebrated by locals."
What wildlife is found in Kharmang?,"Wildlife in Kharmang includes Himalayan brown bears, ibexes, snow leopards, and various bird species."
What is the approximate area of Deosai?,"Deosai has a specific area that varies based on mapping data, known for its unique geographical features."
What are the key attractions in Deosai?,"Deosai offers stunning places such as valleys, lakes, and cultural landmarks. Highlights include natural beauty and historic sites."
What challenges does Deosai face?,"Deosai faces challenges such as limited infrastructure, seasonal accessibility, and preserving natural resources."
What is the distance of Deosai from Islamabad?,"The distance from Islamabad to Deosai varies, typically requiring 8-12 hours of travel depending on the route and weather."
What is the temperature range in Deosai?,"The temperature in Deosai ranges from extreme cold in winters to mild summers, making it a year-round attraction."
What are the traditional dishes of Deosai?,"Deosai is known for dishes like Momos, Yarkhandi Pulao, and other local delicacies reflecting its rich culture."
What is the cultural significance of Deosai?,"Deosai holds a rich cultural heritage, featuring traditional music, dances, and festivals celebrated by locals."
What wildlife is found in Deosai?,"Wildlife in Deosai includes Himalayan brown bears, ibexes, snow leopards, and various bird species."
What is the approximate area of Phander Valley?,"Phander Valley has a specific area that varies based on mapping data, known for its unique geographical features."
What are the key attractions in Phander Valley?,"Phander Valley offers stunning places such as valleys, lakes, and cultural landmarks. Highlights include natural beauty and historic sites."
What challenges does Phander Valley face?,"Phander Valley faces challenges such as limited infrastructure, seasonal accessibility, and preserving natural resources."
What is the distance of Phander Valley from Islamabad?,"The distance from Islamabad to Phander Valley varies, typically requiring 8-12 hours of travel depending on the route and weather."
What is the temperature range in Phander Valley?,"The temperature in Phander Valley ranges from extreme cold in winters to mild summers, making it a year-round attraction."
What are the traditional dishes of Phander Valley?,"Phander Valley is known for dishes like Momos, Yarkhandi Pulao, and other local delicacies reflecting its rich culture."
What is the cultural significance of Phander Valley?,"Phander Valley holds a rich cultural heritage, featuring traditional music, dances, and festivals celebrated by locals."
What wildlife is found in Phander Valley?,"Wildlife in Phander Valley includes Himalayan brown bears, ibexes, snow leopards, and various bird species."
What is the approximate area of Sadpara?,"Sadpara has a specific area that varies based on mapping data, known for its unique geographical features."
What are the key attractions in Sadpara?,"Sadpara offers stunning places such as valleys, lakes, and cultural landmarks. Highlights include natural beauty and historic sites."
What challenges does Sadpara face?,"Sadpara faces challenges such as limited infrastructure, seasonal accessibility, and preserving natural resources."
What is the distance of Sadpara from Islamabad?,"The distance from Islamabad to Sadpara varies, typically requiring 8-12 hours of travel depending on the route and weather."
What is the temperature range in Sadpara?,"The temperature in Sadpara ranges from extreme cold in winters to mild summers, making it a year-round attraction."
What are the traditional dishes of Sadpara?,"Sadpara is known for dishes like Momos, Yarkhandi Pulao, and other local delicacies reflecting its rich culture."
What is the cultural significance of Sadpara?,"Sadpara holds a rich cultural heritage, featuring traditional music, dances, and festivals celebrated by locals."
What wildlife is found in Sadpara?,"Wildlife in Sadpara includes Himalayan brown bears, ibexes, snow leopards, and various bird species."
What is the approximate area of Skardu?,"Skardu has a specific area that varies based on mapping data, known for its unique geographical features."
What are the key attractions in Skardu?,"Skardu offers stunning places such as valleys, lakes, and cultural landmarks. Highlights include natural beauty and historic sites."
What challenges does Skardu face?,"Skardu faces challenges such as limited infrastructure, seasonal accessibility, and preserving natural resources."
What is the distance of Skardu from Islamabad?,"The distance from Islamabad to Skardu varies, typically requiring 8-12 hours of travel depending on the route and weather."
What is the temperature range in Skardu?,"The temperature in Skardu ranges from extreme cold in winters to mild summers, making it a year-round attraction."
What are the traditional dishes of Skardu?,"Skardu is known for dishes like Momos, Yarkhandi Pulao, and other local delicacies reflecting its rich culture."
What is the cultural significance of Skardu?,"Skardu holds a rich cultural heritage, featuring traditional music, dances, and festivals celebrated by locals."
What wildlife is found in Skardu?,"Wildlife in Skardu includes Himalayan brown bears, ibexes, snow leopards, and various bird species."
What is the approximate area of Gilgit?,"Gilgit has a specific area that varies based on mapping data, known for its unique geographical features."
What are the key attractions in Gilgit?,"Gilgit offers stunning places such as valleys, lakes, and cultural landmarks. Highlights include natural beauty and historic sites."
What challenges does Gilgit face?,"Gilgit faces challenges such as limited infrastructure, seasonal accessibility, and preserving natural resources."
What is the distance of Gilgit from Islamabad?,"The distance from Islamabad to Gilgit varies, typically requiring 8-12 hours of travel depending on the route and weather."
What is the temperature range in Gilgit?,"The temperature in Gilgit ranges from extreme cold in winters to mild summers, making it a year-round attraction."
What are the traditional dishes of Gilgit?,"Gilgit is known for dishes like Momos, Yarkhandi Pulao, and other local delicacies reflecting its rich culture."
What is the cultural significance of Gilgit?,"Gilgit holds a rich cultural heritage, featuring traditional music, dances, and festivals celebrated by locals."
What wildlife is found in Gilgit?,"Wildlife in Gilgit includes Himalayan brown bears, ibexes, snow leopards, and various bird species."
What is the approximate area of Hunza?,"Hunza has a specific area that varies based on mapping data, known for its unique geographical features."
What are the key attractions in Hunza?,"Hunza offers stunning places such as valleys, lakes, and cultural landmarks. Highlights include natural beauty and historic sites."
What challenges does Hunza face?,"Hunza faces challenges such as limited infrastructure, seasonal accessibility, and preserving natural resources."
What is the distance of Hunza from Islamabad?,"The distance from Islamabad to Hunza varies, typically requiring 8-12 hours of travel depending on the route and weather."
What is the temperature range in Hunza?,"The temperature in Hunza ranges from extreme cold in winters to mild summers, making it a year-round attraction."
What are the traditional dishes of Hunza?,"Hunza is known for dishes like Momos, Yarkhandi Pulao, and other local delicacies reflecting its rich culture."
What is the cultural significance of Hunza?,"Hunza holds a rich cultural heritage, featuring traditional music, dances, and festivals celebrated by locals."
What wildlife is found in Hunza?,"Wildlife in Hunza includes Himalayan brown bears, ibexes, snow leopards, and various bird species."
What is the approximate area of Nagar?,"Nagar has a specific area that varies based on mapping data, known for its unique geographical features."
What are the key attractions in Nagar?,"Nagar offers stunning places such as valleys, lakes, and cultural landmarks. Highlights include natural beauty and historic sites."
What challenges does Nagar face?,"Nagar faces challenges such as limited infrastructure, seasonal accessibility, and preserving natural resources."
What is the distance of Nagar from Islamabad?,"The distance from Islamabad to Nagar varies, typically requiring 8-12 hours of travel depending on the route and weather."
What is the temperature range in Nagar?,"The temperature in Nagar ranges from extreme cold in winters to mild summers, making it a year-round attraction."
What are the traditional dishes of Nagar?,"Nagar is known for dishes like Momos, Yarkhandi Pulao, and other local delicacies reflecting its rich culture."
What is the cultural significance of Nagar?,"Nagar holds a rich cultural heritage, featuring traditional music, dances, and festivals celebrated by locals."
What wildlife is found in Nagar?,"Wildlife in Nagar includes Himalayan brown bears, ibexes, snow leopards, and various bird species."
What is the approximate area of Shigar?,"Shigar has a specific area that varies based on mapping data, known for its unique geographical features."
What are the key attractions in Shigar?,"Shigar offers stunning places such as valleys, lakes, and cultural landmarks. Highlights include natural beauty and historic sites."
What challenges does Shigar face?,"Shigar faces challenges such as limited infrastructure, seasonal accessibility, and preserving natural resources."
What is the distance of Shigar from Islamabad?,"The distance from Islamabad to Shigar varies, typically requiring 8-12 hours of travel depending on the route and weather."
What is the temperature range in Shigar?,"The temperature in Shigar ranges from extreme cold in winters to mild summers, making it a year-round attraction."
What are the traditional dishes of Shigar?,"Shigar is known for dishes like Momos, Yarkhandi Pulao, and other local delicacies reflecting its rich culture."
What is the cultural significance of Shigar?,"Shigar holds a rich cultural heritage, featuring traditional music, dances, and festivals celebrated by locals."
What wildlife is found in Shigar?,"Wildlife in Shigar includes Himalayan brown bears, ibexes, snow leopards, and various bird species."
What is the approximate area of Ghanche?,"Ghanche has a specific area that varies based on mapping data, known for its unique geographical features."
What are the key attractions in Ghanche?,"Ghanche offers stunning places such as valleys, lakes, and cultural landmarks. Highlights include natural beauty and historic sites."
What challenges does Ghanche face?,"Ghanche faces challenges such as limited infrastructure, seasonal accessibility, and preserving natural resources."
What is the distance of Ghanche from Islamabad?,"The distance from Islamabad to Ghanche varies, typically requiring 8-12 hours of travel depending on the route and weather."
What is the temperature range in Ghanche?,"The temperature in Ghanche ranges from extreme cold in winters to mild summers, making it a year-round attraction."
What are the traditional dishes of Ghanche?,"Ghanche is known for dishes like Momos, Yarkhandi Pulao, and other local delicacies reflecting its rich culture."
What is the cultural significance of Ghanche?,"Ghanche holds a rich cultural heritage, featuring traditional music, dances, and festivals celebrated by locals."
What wildlife is found in Ghanche?,"Wildlife in Ghanche includes Himalayan brown bears, ibexes, snow leopards, and various bird species."
What is the approximate area of Kharmang?,"Kharmang has a specific area that varies based on mapping data, known for its unique geographical features."
What are the key attractions in Kharmang?,"Kharmang offers stunning places such as valleys, lakes, and cultural landmarks. Highlights include natural beauty and historic sites."
What challenges does Kharmang face?,"Kharmang faces challenges such as limited infrastructure, seasonal accessibility, and preserving natural resources."
What is the distance of Kharmang from Islamabad?,"The distance from Islamabad to Kharmang varies, typically requiring 8-12 hours of travel depending on the route and weather."
What is the temperature range in Kharmang?,"The temperature in Kharmang ranges from extreme cold in winters to mild summers, making it a year-round attraction."
What are the traditional dishes of Kharmang?,"Kharmang is known for dishes like Momos, Yarkhandi Pulao, and other local delicacies reflecting its rich culture."
What is the cultural significance of Kharmang?,"Kharmang holds a rich cultural heritage, featuring traditional music, dances, and festivals celebrated by locals."
What wildlife is found in Kharmang?,"Wildlife in Kharmang includes Himalayan brown bears, ibexes, snow leopards, and various bird species."
What is the approximate area of Deosai?,"Deosai has a specific area that varies based on mapping data, known for its unique geographical features."
What are the key attractions in Deosai?,"Deosai offers stunning places such as valleys, lakes, and cultural landmarks. Highlights include natural beauty and historic sites."
What challenges does Deosai face?,"Deosai faces challenges such as limited infrastructure, seasonal accessibility, and preserving natural resources."
What is the distance of Deosai from Islamabad?,"The distance from Islamabad to Deosai varies, typically requiring 8-12 hours of travel depending on the route and weather."
What is the temperature range in Deosai?,"The temperature in Deosai ranges from extreme cold in winters to mild summers, making it a year-round attraction."
What are the traditional dishes of Deosai?,"Deosai is known for dishes like Momos, Yarkhandi Pulao, and other local delicacies reflecting its rich culture."
What is the cultural significance of Deosai?,"Deosai holds a rich cultural heritage, featuring traditional music, dances, and festivals celebrated by locals."
What wildlife is found in Deosai?,"Wildlife in Deosai includes Himalayan brown bears, ibexes, snow leopards, and various bird species."
What is the approximate area of Phander Valley?,"Phander Valley has a specific area that varies based on mapping data, known for its unique geographical features."
What are the key attractions in Phander Valley?,"Phander Valley offers stunning places such as valleys, lakes, and cultural landmarks. Highlights include natural beauty and historic sites."
What challenges does Phander Valley face?,"Phander Valley faces challenges such as limited infrastructure, seasonal accessibility, and preserving natural resources."
What is the distance of Phander Valley from Islamabad?,"The distance from Islamabad to Phander Valley varies, typically requiring 8-12 hours of travel depending on the route and weather."
What is the temperature range in Phander Valley?,"The temperature in Phander Valley ranges from extreme cold in winters to mild summers, making it a year-round attraction."
What are the traditional dishes of Phander Valley?,"Phander Valley is known for dishes like Momos, Yarkhandi Pulao, and other local delicacies reflecting its rich culture."
What is the cultural significance of Phander Valley?,"Phander Valley holds a rich cultural heritage, featuring traditional music, dances, and festivals celebrated by locals."
What wildlife is found in Phander Valley?,"Wildlife in Phander Valley includes Himalayan brown bears, ibexes, snow leopards, and various bird species."
What is the approximate area of Sadpara?,"Sadpara has a specific area that varies based on mapping data, known for its unique geographical features."
What are the key attractions in Sadpara?,"Sadpara offers stunning places such as valleys, lakes, and cultural landmarks. Highlights include natural beauty and historic sites."
What challenges does Sadpara face?,"Sadpara faces challenges such as limited infrastructure, seasonal accessibility, and preserving natural resources."
What is the distance of Sadpara from Islamabad?,"The distance from Islamabad to Sadpara varies, typically requiring 8-12 hours of travel depending on the route and weather."
What is the temperature range in Sadpara?,"The temperature in Sadpara ranges from extreme cold in winters to mild summers, making it a year-round attraction."
What are the traditional dishes of Sadpara?,"Sadpara is known for dishes like Momos, Yarkhandi Pulao, and other local delicacies reflecting its rich culture."
What is the cultural significance of Sadpara?,"Sadpara holds a rich cultural heritage, featuring traditional music, dances, and festivals celebrated by locals."
What wildlife is found in Sadpara?,"Wildlife in Sadpara includes Himalayan brown bears, ibexes, snow leopards, and various bird species."
What is the approximate area of Skardu?,"Skardu has a specific area that varies based on mapping data, known for its unique geographical features."
What are the key attractions in Skardu?,"Skardu offers stunning places such as valleys, lakes, and cultural landmarks. Highlights include natural beauty and historic sites."
What challenges does Skardu face?,"Skardu faces challenges such as limited infrastructure, seasonal accessibility, and preserving natural resources."
What is the distance of Skardu from Islamabad?,"The distance from Islamabad to Skardu varies, typically requiring 8-12 hours of travel depending on the route and weather."
What is the temperature range in Skardu?,"The temperature in Skardu ranges from extreme cold in winters to mild summers, making it a year-round attraction."
What are the traditional dishes of Skardu?,"Skardu is known for dishes like Momos, Yarkhandi Pulao, and other local delicacies reflecting its rich culture."
What is the cultural significance of Skardu?,"Skardu holds a rich cultural heritage, featuring traditional music, dances, and festivals celebrated by locals."
What wildlife is found in Skardu?,"Wildlife in Skardu includes Himalayan brown bears, ibexes, snow leopards, and various bird species."
What is the approximate area of Gilgit?,"Gilgit has a specific area that varies based on mapping data, known for its unique geographical features."
What are the key attractions in Gilgit?,"Gilgit offers stunning places such as valleys, lakes, and cultural landmarks. Highlights include natural beauty and historic sites."
What challenges does Gilgit face?,"Gilgit faces challenges such as limited infrastructure, seasonal accessibility, and preserving natural resources."
What is the distance of Gilgit from Islamabad?,"The distance from Islamabad to Gilgit varies, typically requiring 8-12 hours of travel depending on the route and weather."
What is the temperature range in Gilgit?,"The temperature in Gilgit ranges from extreme cold in winters to mild summers, making it a year-round attraction."
What are the traditional dishes of Gilgit?,"Gilgit is known for dishes like Momos, Yarkhandi Pulao, and other local delicacies reflecting its rich culture."
What is the cultural significance of Gilgit?,"Gilgit holds a rich cultural heritage, featuring traditional music, dances, and festivals celebrated by locals."
What wildlife is found in Gilgit?,"Wildlife in Gilgit includes Himalayan brown bears, ibexes, snow leopards, and various bird species."
What is the approximate area of Hunza?,"Hunza has a specific area that varies based on mapping data, known for its unique geographical features."
What are the key attractions in Hunza?,"Hunza offers stunning places such as valleys, lakes, and cultural landmarks. Highlights include natural beauty and historic sites."
What challenges does Hunza face?,"Hunza faces challenges such as limited infrastructure, seasonal accessibility, and preserving natural resources."
What is the distance of Hunza from Islamabad?,"The distance from Islamabad to Hunza varies, typically requiring 8-12 hours of travel depending on the route and weather."
